"","sub","Question","Response","age.cat","game"
"1","7321756","Question_1","No","Children","Lott-Coop"
"2","7321756","Question_3","No","Children","Lott-Comp"
"3","7321801","Question_1","No","Children","Lott-Coop"
"4","7321801","Question_3","Sì","Children","Lott-Comp"
"5","7321747","Question_1","Sì","Children","Lott-Coop"
"6","7321747","Question_3","Sì","Children","Lott-Comp"
"7","7321773","Question_1","No","Children","Lott-Coop"
"8","7321773","Question_3","No","Children","Lott-Comp"
"9","7321779","Question_1","Non so","Children","Lott-Coop"
"10","7321779","Question_3","No","Children","Lott-Comp"
"11","7321771","Question_1","Sì","Adolescents","Lott-Coop"
"12","7321771","Question_3","Non so","Adolescents","Lott-Comp"
"13","7321889","Question_1","No","Adolescents","Lott-Coop"
"14","7321889","Question_3","No","Adolescents","Lott-Comp"
"15","7321892","Question_1","Sì","Adolescents","Lott-Coop"
"16","7321892","Question_3","No","Adolescents","Lott-Comp"
"17","7321894","Question_1","Sì","Adolescents","Lott-Coop"
"18","7321894","Question_3","No","Adolescents","Lott-Comp"
"19","7321885","Question_1","Sì","Adolescents","Lott-Coop"
"20","7321885","Question_3","No","Adolescents","Lott-Comp"
"21","7322042","Question_1","Sì","Adolescents","Lott-Coop"
"22","7322042","Question_3","No","Adolescents","Lott-Comp"
"23","7322029","Question_1","Sì","Adolescents","Lott-Coop"
"24","7322029","Question_3","No","Adolescents","Lott-Comp"
"25","7322036","Question_1","Sì","Adolescents","Lott-Coop"
"26","7322036","Question_3","No","Adolescents","Lott-Comp"
"27","7322024","Question_1","Sì","Adolescents","Lott-Coop"
"28","7322024","Question_3","Sì","Adolescents","Lott-Comp"
"29","7322041","Question_1","Sì","Adolescents","Lott-Coop"
"30","7322041","Question_3","No","Adolescents","Lott-Comp"
"31","7322038","Question_1","No","Adolescents","Lott-Coop"
"32","7322038","Question_3","No","Adolescents","Lott-Comp"
"33","7322040","Question_1","Sì","Adolescents","Lott-Coop"
"34","7322040","Question_3","No","Adolescents","Lott-Comp"
"35","7322039","Question_1","Non so","Adolescents","Lott-Coop"
"36","7322039","Question_3","Sì","Adolescents","Lott-Comp"
"37","7322022","Question_1","Non so","Adolescents","Lott-Coop"
"38","7322022","Question_3","No","Adolescents","Lott-Comp"
"39","7322026","Question_1","No","Adolescents","Lott-Coop"
"40","7322026","Question_3","No","Adolescents","Lott-Comp"
"41","7322028","Question_1","No","Adolescents","Lott-Coop"
"42","7322028","Question_3","No","Adolescents","Lott-Comp"
"43","7322030","Question_1","No","Adolescents","Lott-Coop"
"44","7322030","Question_3","No","Adolescents","Lott-Comp"
"45","7322031","Question_1","Sì","Adolescents","Lott-Coop"
"46","7322031","Question_3","No","Adolescents","Lott-Comp"
"47","7322035","Question_1","No","Adolescents","Lott-Coop"
"48","7322035","Question_3","No","Adolescents","Lott-Comp"
"49","7322032","Question_1","No","Adolescents","Lott-Coop"
"50","7322032","Question_3","No","Adolescents","Lott-Comp"
"51","7322033","Question_1","No","Adolescents","Lott-Coop"
"52","7322033","Question_3","No","Adolescents","Lott-Comp"
"53","7322037","Question_1","No","Adolescents","Lott-Coop"
"54","7322037","Question_3","No","Adolescents","Lott-Comp"
"55","7322034","Question_1","Non so","Adolescents","Lott-Coop"
"56","7322034","Question_3","Non so","Adolescents","Lott-Comp"
"57","7322021","Question_1","Sì","Adolescents","Lott-Coop"
"58","7322021","Question_3","No","Adolescents","Lott-Comp"
"59","7322025","Question_1","Sì","Adolescents","Lott-Coop"
"60","7322025","Question_3","Sì","Adolescents","Lott-Comp"
"61","7322081","Question_1","No","Adolescents","Lott-Coop"
"62","7322081","Question_3","No","Adolescents","Lott-Comp"
"63","7322046","Question_1","No","Adolescents","Lott-Coop"
"64","7322046","Question_3","Sì","Adolescents","Lott-Comp"
"65","7322023","Question_1","Sì","Adolescents","Lott-Coop"
"66","7322023","Question_3","No","Adolescents","Lott-Comp"
"67","7321893","Question_1","Sì","Adolescents","Lott-Coop"
"68","7321893","Question_3","Sì","Adolescents","Lott-Comp"
"69","7321887","Question_1","No","Adolescents","Lott-Coop"
"70","7321887","Question_3","No","Adolescents","Lott-Comp"
"71","7321888","Question_1","No","Adolescents","Lott-Coop"
"72","7321888","Question_3","No","Adolescents","Lott-Comp"
"73","7321897","Question_1","No","Adolescents","Lott-Coop"
"74","7321897","Question_3","No","Adolescents","Lott-Comp"
"75","7321891","Question_1","Sì","Adolescents","Lott-Coop"
"76","7321891","Question_3","Sì","Adolescents","Lott-Comp"
"77","7321883","Question_1","Sì","Adolescents","Lott-Coop"
"78","7321883","Question_3","No","Adolescents","Lott-Comp"
"79","7321890","Question_1","No","Adolescents","Lott-Coop"
"80","7321890","Question_3","No","Adolescents","Lott-Comp"
"81","7321895","Question_1","Sì","Adolescents","Lott-Coop"
"82","7321895","Question_3","No","Adolescents","Lott-Comp"
"83","7321886","Question_1","No","Adolescents","Lott-Coop"
"84","7321886","Question_3","No","Adolescents","Lott-Comp"
"85","7321896","Question_1","No","Adolescents","Lott-Coop"
"86","7321896","Question_3","No","Adolescents","Lott-Comp"
"87","7321884","Question_1","No","Adolescents","Lott-Coop"
"88","7321884","Question_3","No","Adolescents","Lott-Comp"
"89","7321853","Question_1","Sì","Adolescents","Lott-Coop"
"90","7321853","Question_3","Sì","Adolescents","Lott-Comp"
"91","7321742","Question_1","Non so","Children","Lott-Coop"
"92","7321742","Question_3","Sì","Children","Lott-Comp"
"93","7321752","Question_1","Sì","Adolescents","Lott-Coop"
"94","7321752","Question_3","Sì","Adolescents","Lott-Comp"
"95","7321766","Question_1","Non so","Children","Lott-Coop"
"96","7321766","Question_3","Non so","Children","Lott-Comp"
"97","7321755","Question_1","Sì","Adolescents","Lott-Coop"
"98","7321755","Question_3","No","Adolescents","Lott-Comp"
"99","7321784","Question_1","Sì","Children","Lott-Coop"
"100","7321784","Question_3","Non so","Children","Lott-Comp"
"101","7321788","Question_1","Non so","Children","Lott-Coop"
"102","7321788","Question_3","Non so","Children","Lott-Comp"
"103","7321842","Question_1","Sì","Children","Lott-Coop"
"104","7321842","Question_3","Sì","Children","Lott-Comp"
"105","7321751","Question_1","No","Children","Lott-Coop"
"106","7321751","Question_3","No","Children","Lott-Comp"
"107","7321744","Question_1","No","Adolescents","Lott-Coop"
"108","7321744","Question_3","No","Adolescents","Lott-Comp"
"109","7321760","Question_1","Sì","Children","Lott-Coop"
"110","7321760","Question_3","No","Children","Lott-Comp"
"111","7321753","Question_1","Non so","Adolescents","Lott-Coop"
"112","7321753","Question_3","Non so","Adolescents","Lott-Comp"
"113","7321758","Question_1","Sì","Adolescents","Lott-Coop"
"114","7321758","Question_3","No","Adolescents","Lott-Comp"
"115","7321748","Question_1","No","Children","Lott-Coop"
"116","7321748","Question_3","No","Children","Lott-Comp"
"117","7313844","Question_1","Sì","Adolescents","Lott-Coop"
"118","7313844","Question_3","Non so","Adolescents","Lott-Comp"
"119","7313843","Question_1","No","Adolescents","Lott-Coop"
"120","7313843","Question_3","Sì","Adolescents","Lott-Comp"
"121","7313829","Question_1","Sì","Adolescents","Lott-Coop"
"122","7313829","Question_3","No","Adolescents","Lott-Comp"
"123","7313828","Question_1","No","Adolescents","Lott-Coop"
"124","7313828","Question_3","No","Adolescents","Lott-Comp"
"125","7313830","Question_1","Sì","Adolescents","Lott-Coop"
"126","7313830","Question_3","Sì","Adolescents","Lott-Comp"
"127","7313831","Question_1","Sì","Adolescents","Lott-Coop"
"128","7313831","Question_3","Non so","Adolescents","Lott-Comp"
"129","7313834","Question_1","No","Adolescents","Lott-Coop"
"130","7313834","Question_3","Sì","Adolescents","Lott-Comp"
"131","7313865","Question_1","Sì","Adolescents","Lott-Coop"
"132","7313865","Question_3","No","Adolescents","Lott-Comp"
"133","7313836","Question_1","Non so","Adolescents","Lott-Coop"
"134","7313836","Question_3","No","Adolescents","Lott-Comp"
"135","7313838","Question_1","No","Adolescents","Lott-Coop"
"136","7313838","Question_3","Sì","Adolescents","Lott-Comp"
"137","7313840","Question_1","No","Adolescents","Lott-Coop"
"138","7313840","Question_3","Sì","Adolescents","Lott-Comp"
"139","7313837","Question_1","Sì","Adolescents","Lott-Coop"
"140","7313837","Question_3","No","Adolescents","Lott-Comp"
"141","7313841","Question_1","Sì","Adolescents","Lott-Coop"
"142","7313841","Question_3","Sì","Adolescents","Lott-Comp"
"143","7313827","Question_1","Sì","Adolescents","Lott-Coop"
"144","7313827","Question_3","No","Adolescents","Lott-Comp"
"145","7313833","Question_1","No","Adolescents","Lott-Coop"
"146","7313833","Question_3","No","Adolescents","Lott-Comp"
"147","7313839","Question_1","No","Adolescents","Lott-Coop"
"148","7313839","Question_3","No","Adolescents","Lott-Comp"
"149","7313845","Question_1","Sì","Adolescents","Lott-Coop"
"150","7313845","Question_3","Sì","Adolescents","Lott-Comp"
"151","7313832","Question_1","No","Adolescents","Lott-Coop"
"152","7313832","Question_3","No","Adolescents","Lott-Comp"
"153","7313826","Question_1","Sì","Adolescents","Lott-Coop"
"154","7313826","Question_3","No","Adolescents","Lott-Comp"
"155","7313835","Question_1","Sì","Adolescents","Lott-Coop"
"156","7313835","Question_3","No","Adolescents","Lott-Comp"
"157","7313421","Question_1","Sì","Adolescents","Lott-Coop"
"158","7313421","Question_3","Sì","Adolescents","Lott-Comp"
"159","7313419","Question_1","Sì","Adolescents","Lott-Coop"
"160","7313419","Question_3","Sì","Adolescents","Lott-Comp"
"161","7313414","Question_1","Sì","Adolescents","Lott-Coop"
"162","7313414","Question_3","Non so","Adolescents","Lott-Comp"
"163","7313405","Question_1","Sì","Adolescents","Lott-Coop"
"164","7313405","Question_3","Sì","Adolescents","Lott-Comp"
"165","7313422","Question_1","No","Adolescents","Lott-Coop"
"166","7313422","Question_3","Non so","Adolescents","Lott-Comp"
"167","7313423","Question_1","Sì","Adolescents","Lott-Coop"
"168","7313423","Question_3","Sì","Adolescents","Lott-Comp"
"169","7313407","Question_1","No","Adolescents","Lott-Coop"
"170","7313407","Question_3","Sì","Adolescents","Lott-Comp"
"171","7313404","Question_1","Sì","Adolescents","Lott-Coop"
"172","7313404","Question_3","No","Adolescents","Lott-Comp"
"173","7313403","Question_1","Sì","Adolescents","Lott-Coop"
"174","7313403","Question_3","No","Adolescents","Lott-Comp"
"175","7313409","Question_1","Sì","Adolescents","Lott-Coop"
"176","7313409","Question_3","No","Adolescents","Lott-Comp"
"177","7313420","Question_1","No","Adolescents","Lott-Coop"
"178","7313420","Question_3","No","Adolescents","Lott-Comp"
"179","7313408","Question_1","No","Adolescents","Lott-Coop"
"180","7313408","Question_3","Sì","Adolescents","Lott-Comp"
"181","7313410","Question_1","Sì","Adolescents","Lott-Coop"
"182","7313410","Question_3","No","Adolescents","Lott-Comp"
"183","7313415","Question_1","Sì","Adolescents","Lott-Coop"
"184","7313415","Question_3","Sì","Adolescents","Lott-Comp"
"185","7313413","Question_1","No","Adolescents","Lott-Coop"
"186","7313413","Question_3","No","Adolescents","Lott-Comp"
"187","7313412","Question_1","No","Adolescents","Lott-Coop"
"188","7313412","Question_3","Sì","Adolescents","Lott-Comp"
"189","7313425","Question_1","Sì","Adolescents","Lott-Coop"
"190","7313425","Question_3","Sì","Adolescents","Lott-Comp"
"191","7313406","Question_1","Sì","Adolescents","Lott-Coop"
"192","7313406","Question_3","No","Adolescents","Lott-Comp"
"193","7313417","Question_1","No","Adolescents","Lott-Coop"
"194","7313417","Question_3","No","Adolescents","Lott-Comp"
"195","7313411","Question_1","Non so","Adolescents","Lott-Coop"
"196","7313411","Question_3","No","Adolescents","Lott-Comp"
"197","7312966","Question_1","No","Adolescents","Lott-Coop"
"198","7312966","Question_3","No","Adolescents","Lott-Comp"
"199","7313088","Question_1","Sì","Children","Lott-Coop"
"200","7313088","Question_3","Sì","Children","Lott-Comp"
"201","7312954","Question_1","No","Adolescents","Lott-Coop"
"202","7312954","Question_3","No","Adolescents","Lott-Comp"
"203","7312952","Question_1","Sì","Children","Lott-Coop"
"204","7312952","Question_3","Sì","Children","Lott-Comp"
"205","7312959","Question_1","Sì","Adolescents","Lott-Coop"
"206","7312959","Question_3","Non so","Adolescents","Lott-Comp"
"207","7312969","Question_1","No","Adolescents","Lott-Coop"
"208","7312969","Question_3","No","Adolescents","Lott-Comp"
"209","7312957","Question_1","Sì","Children","Lott-Coop"
"210","7312957","Question_3","No","Children","Lott-Comp"
"211","7312948","Question_1","No","Children","Lott-Coop"
"212","7312948","Question_3","No","Children","Lott-Comp"
"213","7313002","Question_1","No","Children","Lott-Coop"
"214","7313002","Question_3","Sì","Children","Lott-Comp"
"215","7312949","Question_1","Non so","Children","Lott-Coop"
"216","7312949","Question_3","Non so","Children","Lott-Comp"
"217","7312961","Question_1","Non so","Adolescents","Lott-Coop"
"218","7312961","Question_3","No","Adolescents","Lott-Comp"
"219","7312947","Question_1","No","Adolescents","Lott-Coop"
"220","7312947","Question_3","No","Adolescents","Lott-Comp"
"221","7312958","Question_1","No","Children","Lott-Coop"
"222","7312958","Question_3","Sì","Children","Lott-Comp"
"223","7312956","Question_1","No","Children","Lott-Coop"
"224","7312956","Question_3","No","Children","Lott-Comp"
"225","7312963","Question_1","No","Children","Lott-Coop"
"226","7312963","Question_3","No","Children","Lott-Comp"
"227","7312960","Question_1","Sì","Children","Lott-Coop"
"228","7312960","Question_3","Non so","Children","Lott-Comp"
"229","7312965","Question_1","Sì","Adolescents","Lott-Coop"
"230","7312965","Question_3","No","Adolescents","Lott-Comp"
"231","7312970","Question_1","No","Adolescents","Lott-Coop"
"232","7312970","Question_3","Sì","Adolescents","Lott-Comp"
"233","7312962","Question_1","Sì","Children","Lott-Coop"
"234","7312962","Question_3","No","Children","Lott-Comp"
"235","7312955","Question_1","Non so","Adolescents","Lott-Coop"
"236","7312955","Question_3","No","Adolescents","Lott-Comp"
"237","7312967","Question_1","No","Children","Lott-Coop"
"238","7312967","Question_3","No","Children","Lott-Comp"
"239","7312964","Question_1","Non so","Children","Lott-Coop"
"240","7312964","Question_3","Non so","Children","Lott-Comp"
"241","7312998","Question_1","No","Adolescents","Lott-Coop"
"242","7312998","Question_3","No","Adolescents","Lott-Comp"
"243","7312658","Question_1","Non so","Children","Lott-Coop"
"244","7312658","Question_3","No","Children","Lott-Comp"
"245","7312613","Question_1","No","Children","Lott-Coop"
"246","7312613","Question_3","No","Children","Lott-Comp"
"247","7312628","Question_1","No","Adolescents","Lott-Coop"
"248","7312628","Question_3","No","Adolescents","Lott-Comp"
"249","7312616","Question_1","Sì","Children","Lott-Coop"
"250","7312616","Question_3","No","Children","Lott-Comp"
"251","7312626","Question_1","Sì","Adolescents","Lott-Coop"
"252","7312626","Question_3","Sì","Adolescents","Lott-Comp"
"253","7312618","Question_1","No","Adolescents","Lott-Coop"
"254","7312618","Question_3","No","Adolescents","Lott-Comp"
"255","7312621","Question_1","Sì","Adolescents","Lott-Coop"
"256","7312621","Question_3","No","Adolescents","Lott-Comp"
"257","7312620","Question_1","Sì","Children","Lott-Coop"
"258","7312620","Question_3","No","Children","Lott-Comp"
"259","7312623","Question_1","Non so","Children","Lott-Coop"
"260","7312623","Question_3","Non so","Children","Lott-Comp"
"261","7312624","Question_1","Sì","Children","Lott-Coop"
"262","7312624","Question_3","Sì","Children","Lott-Comp"
"263","7312614","Question_1","Sì","Children","Lott-Coop"
"264","7312614","Question_3","Sì","Children","Lott-Comp"
"265","7312665","Question_1","No","Children","Lott-Coop"
"266","7312665","Question_3","No","Children","Lott-Comp"
"267","7312667","Question_1","Non so","Adolescents","Lott-Coop"
"268","7312667","Question_3","Non so","Adolescents","Lott-Comp"
"269","7312627","Question_1","Non so","Children","Lott-Coop"
"270","7312627","Question_3","Sì","Children","Lott-Comp"
"271","7312625","Question_1","Non so","Adolescents","Lott-Coop"
"272","7312625","Question_3","No","Adolescents","Lott-Comp"
"273","7312776","Question_1","No","Children","Lott-Coop"
"274","7312776","Question_3","No","Children","Lott-Comp"
"275","7312619","Question_1","Sì","Adolescents","Lott-Coop"
"276","7312619","Question_3","Sì","Adolescents","Lott-Comp"
"277","7312612","Question_1","No","Adolescents","Lott-Coop"
"278","7312612","Question_3","No","Adolescents","Lott-Comp"
"279","7312607","Question_1","No","Children","Lott-Coop"
"280","7312607","Question_3","No","Children","Lott-Comp"
"281","7312617","Question_1","Sì","Adolescents","Lott-Coop"
"282","7312617","Question_3","Non so","Adolescents","Lott-Comp"
"283","7312629","Question_1","Sì","Children","Lott-Coop"
"284","7312629","Question_3","No","Children","Lott-Comp"
"285","7312608","Question_1","No","Children","Lott-Coop"
"286","7312608","Question_3","No","Children","Lott-Comp"
"287","7312449","Question_1","No","Adolescents","Lott-Coop"
"288","7312449","Question_3","No","Adolescents","Lott-Comp"
"289","7312438","Question_1","No","Adolescents","Lott-Coop"
"290","7312438","Question_3","No","Adolescents","Lott-Comp"
"291","7312442","Question_1","No","Adolescents","Lott-Coop"
"292","7312442","Question_3","No","Adolescents","Lott-Comp"
"293","7312440","Question_1","No","Adolescents","Lott-Coop"
"294","7312440","Question_3","No","Adolescents","Lott-Comp"
"295","7312444","Question_1","Non so","Adolescents","Lott-Coop"
"296","7312444","Question_3","No","Adolescents","Lott-Comp"
"297","7312454","Question_1","Sì","Adolescents","Lott-Coop"
"298","7312454","Question_3","Sì","Adolescents","Lott-Comp"
"299","7312434","Question_1","Sì","Adolescents","Lott-Coop"
"300","7312434","Question_3","Sì","Adolescents","Lott-Comp"
"301","7312432","Question_1","Sì","Adolescents","Lott-Coop"
"302","7312432","Question_3","No","Adolescents","Lott-Comp"
"303","7312445","Question_1","Non so","Adolescents","Lott-Coop"
"304","7312445","Question_3","Non so","Adolescents","Lott-Comp"
"305","7312436","Question_1","Sì","Adolescents","Lott-Coop"
"306","7312436","Question_3","Sì","Adolescents","Lott-Comp"
"307","7312431","Question_1","Sì","Adolescents","Lott-Coop"
"308","7312431","Question_3","Sì","Adolescents","Lott-Comp"
"309","7312439","Question_1","No","Adolescents","Lott-Coop"
"310","7312439","Question_3","No","Adolescents","Lott-Comp"
"311","7312435","Question_1","No","Adolescents","Lott-Coop"
"312","7312435","Question_3","No","Adolescents","Lott-Comp"
"313","7312433","Question_1","No","Adolescents","Lott-Coop"
"314","7312433","Question_3","No","Adolescents","Lott-Comp"
"315","7312446","Question_1","Non so","Adolescents","Lott-Coop"
"316","7312446","Question_3","Non so","Adolescents","Lott-Comp"
"317","7312441","Question_1","Non so","Adolescents","Lott-Coop"
"318","7312441","Question_3","No","Adolescents","Lott-Comp"
"319","7312430","Question_1","Sì","Adolescents","Lott-Coop"
"320","7312430","Question_3","Sì","Adolescents","Lott-Comp"
"321","7312450","Question_1","Sì","Adolescents","Lott-Coop"
"322","7312450","Question_3","Sì","Adolescents","Lott-Comp"
"323","7312443","Question_1","Non so","Adolescents","Lott-Coop"
"324","7312443","Question_3","Non so","Adolescents","Lott-Comp"
"325","7312437","Question_1","No","Adolescents","Lott-Coop"
"326","7312437","Question_3","Sì","Adolescents","Lott-Comp"
"327","7312345","Question_1","Sì","Adolescents","Lott-Coop"
"328","7312345","Question_3","No","Adolescents","Lott-Comp"
"329","7312358","Question_1","No","Adolescents","Lott-Coop"
"330","7312358","Question_3","No","Adolescents","Lott-Comp"
"331","7312353","Question_1","No","Adolescents","Lott-Coop"
"332","7312353","Question_3","No","Adolescents","Lott-Comp"
"333","7312350","Question_1","No","Adolescents","Lott-Coop"
"334","7312350","Question_3","No","Adolescents","Lott-Comp"
"335","7312340","Question_1","No","Adolescents","Lott-Coop"
"336","7312340","Question_3","No","Adolescents","Lott-Comp"
"337","7312354","Question_1","No","Adolescents","Lott-Coop"
"338","7312354","Question_3","No","Adolescents","Lott-Comp"
"339","7312366","Question_1","Sì","Adolescents","Lott-Coop"
"340","7312366","Question_3","Sì","Adolescents","Lott-Comp"
"341","7312367","Question_1","Sì","Adolescents","Lott-Coop"
"342","7312367","Question_3","No","Adolescents","Lott-Comp"
"343","7312344","Question_1","Sì","Adolescents","Lott-Coop"
"344","7312344","Question_3","No","Adolescents","Lott-Comp"
"345","7312355","Question_1","Sì","Adolescents","Lott-Coop"
"346","7312355","Question_3","Non so","Adolescents","Lott-Comp"
"347","7312346","Question_1","No","Adolescents","Lott-Coop"
"348","7312346","Question_3","No","Adolescents","Lott-Comp"
"349","7312339","Question_1","No","Adolescents","Lott-Coop"
"350","7312339","Question_3","Sì","Adolescents","Lott-Comp"
"351","7312349","Question_1","Sì","Adolescents","Lott-Coop"
"352","7312349","Question_3","No","Adolescents","Lott-Comp"
"353","7312348","Question_1","No","Adolescents","Lott-Coop"
"354","7312348","Question_3","No","Adolescents","Lott-Comp"
"355","7312356","Question_1","No","Adolescents","Lott-Coop"
"356","7312356","Question_3","Sì","Adolescents","Lott-Comp"
"357","7312347","Question_1","Non so","Adolescents","Lott-Coop"
"358","7312347","Question_3","Sì","Adolescents","Lott-Comp"
"359","7312351","Question_1","No","Adolescents","Lott-Coop"
"360","7312351","Question_3","No","Adolescents","Lott-Comp"
"361","7312357","Question_1","Sì","Adolescents","Lott-Coop"
"362","7312357","Question_3","No","Adolescents","Lott-Comp"
"363","7312341","Question_1","Sì","Adolescents","Lott-Coop"
"364","7312341","Question_3","No","Adolescents","Lott-Comp"
"365","7312338","Question_1","Sì","Adolescents","Lott-Coop"
"366","7312338","Question_3","No","Adolescents","Lott-Comp"
"367","7312343","Question_1","Sì","Adolescents","Lott-Coop"
"368","7312343","Question_3","Non so","Adolescents","Lott-Comp"
"369","7312953","Question_1","Sì","Children","Lott-Coop"
"370","7312953","Question_3","Sì","Children","Lott-Comp"
"371","7312968","Question_1","Sì","Children","Lott-Coop"
"372","7312968","Question_3","No","Children","Lott-Comp"
"373","8750275","Question_1","Sì","Adults","Lott-Coop"
"374","8750275","Question_3","No","Adults","Lott-Comp"
"375","8818956","Question_1","Sì","Adults","Lott-Coop"
"376","8818956","Question_3","Sì","Adults","Lott-Comp"
"377","8818961","Question_1","Sì","Adults","Lott-Coop"
"378","8818961","Question_3","Sì","Adults","Lott-Comp"
"379","8818955","Question_1","Sì","Adults","Lott-Coop"
"380","8818955","Question_3","Sì","Adults","Lott-Comp"
"381","8818957","Question_1","Sì","Adults","Lott-Coop"
"382","8818957","Question_3","Sì","Adults","Lott-Comp"
"383","8818805","Question_1","No","Adults","Lott-Coop"
"384","8818805","Question_3","No","Adults","Lott-Comp"
"385","8818798","Question_1","No","Adults","Lott-Coop"
"386","8818798","Question_3","Sì","Adults","Lott-Comp"
"387","8784408","Question_1","Sì","Adults","Lott-Coop"
"388","8784408","Question_3","Sì","Adults","Lott-Comp"
"389","8784409","Question_1","No","Adults","Lott-Coop"
"390","8784409","Question_3","No","Adults","Lott-Comp"
"391","8774373","Question_1","No","Adults","Lott-Coop"
"392","8774373","Question_3","Sì","Adults","Lott-Comp"
"393","8774376","Question_1","Sì","Adults","Lott-Coop"
"394","8774376","Question_3","Sì","Adults","Lott-Comp"
"395","8772682","Question_1","Sì","Adults","Lott-Coop"
"396","8772682","Question_3","Sì","Adults","Lott-Comp"
"397","8772680","Question_1","No","Adults","Lott-Coop"
"398","8772680","Question_3","No","Adults","Lott-Comp"
"399","8772681","Question_1","Sì","Adults","Lott-Coop"
"400","8772681","Question_3","No","Adults","Lott-Comp"
"401","8766945","Question_1","Sì","Adults","Lott-Coop"
"402","8766945","Question_3","Sì","Adults","Lott-Comp"
"403","8766950","Question_1","Non so","Adults","Lott-Coop"
"404","8766950","Question_3","No","Adults","Lott-Comp"
"405","8766972","Question_1","No","Adults","Lott-Coop"
"406","8766972","Question_3","Sì","Adults","Lott-Comp"
"407","8766952","Question_1","Sì","Adults","Lott-Coop"
"408","8766952","Question_3","Sì","Adults","Lott-Comp"
"409","8766951","Question_1","Sì","Adults","Lott-Coop"
"410","8766951","Question_3","No","Adults","Lott-Comp"
"411","8766948","Question_1","Sì","Adults","Lott-Coop"
"412","8766948","Question_3","Sì","Adults","Lott-Comp"
"413","8766944","Question_1","Non so","Adults","Lott-Coop"
"414","8766944","Question_3","Non so","Adults","Lott-Comp"
"415","8766943","Question_1","No","Adults","Lott-Coop"
"416","8766943","Question_3","No","Adults","Lott-Comp"
"417","8766946","Question_1","Non so","Adults","Lott-Coop"
"418","8766946","Question_3","No","Adults","Lott-Comp"
"419","8766947","Question_1","No","Adults","Lott-Coop"
"420","8766947","Question_3","Sì","Adults","Lott-Comp"
"421","8766702","Question_1","Sì","Adults","Lott-Coop"
"422","8766702","Question_3","Non so","Adults","Lott-Comp"
"423","8766703","Question_1","Sì","Adults","Lott-Coop"
"424","8766703","Question_3","No","Adults","Lott-Comp"
"425","8766696","Question_1","Sì","Adults","Lott-Coop"
"426","8766696","Question_3","Sì","Adults","Lott-Comp"
"427","8766701","Question_1","Sì","Adults","Lott-Coop"
"428","8766701","Question_3","Sì","Adults","Lott-Comp"
"429","8766705","Question_1","Sì","Adults","Lott-Coop"
"430","8766705","Question_3","Sì","Adults","Lott-Comp"
"431","8766697","Question_1","No","Adults","Lott-Coop"
"432","8766697","Question_3","Sì","Adults","Lott-Comp"
"433","8766704","Question_1","Sì","Adults","Lott-Coop"
"434","8766704","Question_3","Sì","Adults","Lott-Comp"
"435","8766699","Question_1","No","Adults","Lott-Coop"
"436","8766699","Question_3","No","Adults","Lott-Comp"
"437","8766698","Question_1","Sì","Adults","Lott-Coop"
"438","8766698","Question_3","Sì","Adults","Lott-Comp"
"439","8766700","Question_1","Sì","Adults","Lott-Coop"
"440","8766700","Question_3","Sì","Adults","Lott-Comp"
"441","8765802","Question_1","Sì","Adults","Lott-Coop"
"442","8765802","Question_3","Sì","Adults","Lott-Comp"
"443","8765800","Question_1","Sì","Adults","Lott-Coop"
"444","8765800","Question_3","Sì","Adults","Lott-Comp"
"445","8758719","Question_1","No","Adults","Lott-Coop"
"446","8758719","Question_3","No","Adults","Lott-Comp"
"447","8758610","Question_1","Sì","Adults","Lott-Coop"
"448","8758610","Question_3","Sì","Adults","Lott-Comp"
"449","8758613","Question_1","Sì","Adults","Lott-Coop"
"450","8758613","Question_3","No","Adults","Lott-Comp"
"451","8758611","Question_1","Sì","Adults","Lott-Coop"
"452","8758611","Question_3","Sì","Adults","Lott-Comp"
"453","8758609","Question_1","Sì","Adults","Lott-Coop"
"454","8758609","Question_3","Sì","Adults","Lott-Comp"
"455","8750281","Question_1","Sì","Adults","Lott-Coop"
"456","8750281","Question_3","Sì","Adults","Lott-Comp"
"457","8750278","Question_1","Sì","Adults","Lott-Coop"
"458","8750278","Question_3","No","Adults","Lott-Comp"
"459","8750033","Question_1","No","Adults","Lott-Coop"
"460","8750033","Question_3","No","Adults","Lott-Comp"
"461","8750031","Question_1","No","Adults","Lott-Coop"
"462","8750031","Question_3","No","Adults","Lott-Comp"
"463","8750034","Question_1","Sì","Adults","Lott-Coop"
"464","8750034","Question_3","Sì","Adults","Lott-Comp"
"465","8743740","Question_1","Sì","Adults","Lott-Coop"
"466","8743740","Question_3","Non so","Adults","Lott-Comp"
"467","8743741","Question_1","Sì","Adults","Lott-Coop"
"468","8743741","Question_3","Sì","Adults","Lott-Comp"
"469","8743738","Question_1","Sì","Adults","Lott-Coop"
"470","8743738","Question_3","No","Adults","Lott-Comp"
"471","8743736","Question_1","Sì","Adults","Lott-Coop"
"472","8743736","Question_3","No","Adults","Lott-Comp"
"473","8743737","Question_1","No","Adults","Lott-Coop"
"474","8743737","Question_3","No","Adults","Lott-Comp"
"475","8728607","Question_1","No","Adults","Lott-Coop"
"476","8728607","Question_3","No","Adults","Lott-Comp"
"477","8728577","Question_1","Sì","Adults","Lott-Coop"
"478","8728577","Question_3","Sì","Adults","Lott-Comp"
"479","8728615","Question_1","No","Adults","Lott-Coop"
"480","8728615","Question_3","No","Adults","Lott-Comp"
"481","8728576","Question_1","Sì","Adults","Lott-Coop"
"482","8728576","Question_3","No","Adults","Lott-Comp"
"483","8728567","Question_1","Sì","Adults","Lott-Coop"
"484","8728567","Question_3","No","Adults","Lott-Comp"
"485","8728573","Question_1","Sì","Adults","Lott-Coop"
"486","8728573","Question_3","Sì","Adults","Lott-Comp"
"487","8728622","Question_1","Sì","Adults","Lott-Coop"
"488","8728622","Question_3","Sì","Adults","Lott-Comp"
"489","8728634","Question_1","Sì","Adults","Lott-Coop"
"490","8728634","Question_3","Sì","Adults","Lott-Comp"
"491","8728583","Question_1","Sì","Adults","Lott-Coop"
"492","8728583","Question_3","Sì","Adults","Lott-Comp"
"493","8728621","Question_1","Sì","Adults","Lott-Coop"
"494","8728621","Question_3","No","Adults","Lott-Comp"
"495","8728568","Question_1","Sì","Adults","Lott-Coop"
"496","8728568","Question_3","Sì","Adults","Lott-Comp"
"497","8728623","Question_1","Sì","Adults","Lott-Coop"
"498","8728623","Question_3","Non so","Adults","Lott-Comp"
"499","8728589","Question_1","No","Adults","Lott-Coop"
"500","8728589","Question_3","No","Adults","Lott-Comp"
"501","8728565","Question_1","No","Adults","Lott-Coop"
"502","8728565","Question_3","No","Adults","Lott-Comp"
"503","8728572","Question_1","Sì","Adults","Lott-Coop"
"504","8728572","Question_3","Sì","Adults","Lott-Comp"
"505","8728574","Question_1","No","Adults","Lott-Coop"
"506","8728574","Question_3","No","Adults","Lott-Comp"
"507","8728578","Question_1","Sì","Adults","Lott-Coop"
"508","8728578","Question_3","No","Adults","Lott-Comp"
"509","8728582","Question_1","No","Adults","Lott-Coop"
"510","8728582","Question_3","No","Adults","Lott-Comp"
"511","8728588","Question_1","No","Adults","Lott-Coop"
"512","8728588","Question_3","No","Adults","Lott-Comp"
"513","8728654","Question_1","Sì","Adults","Lott-Coop"
"514","8728654","Question_3","Sì","Adults","Lott-Comp"
"515","8728566","Question_1","No","Adults","Lott-Coop"
"516","8728566","Question_3","Sì","Adults","Lott-Comp"
"517","8728579","Question_1","Sì","Adults","Lott-Coop"
"518","8728579","Question_3","No","Adults","Lott-Comp"
"519","8728631","Question_1","No","Adults","Lott-Coop"
"520","8728631","Question_3","No","Adults","Lott-Comp"
"521","8728624","Question_1","No","Adults","Lott-Coop"
"522","8728624","Question_3","Sì","Adults","Lott-Comp"
"523","8728587","Question_1","No","Adults","Lott-Coop"
"524","8728587","Question_3","No","Adults","Lott-Comp"
"525","8728575","Question_1","No","Adults","Lott-Coop"
"526","8728575","Question_3","Sì","Adults","Lott-Comp"
"527","8728571","Question_1","No","Adults","Lott-Coop"
"528","8728571","Question_3","No","Adults","Lott-Comp"
"529","8728625","Question_1","Sì","Adults","Lott-Coop"
"530","8728625","Question_3","Sì","Adults","Lott-Comp"
"531","8728569","Question_1","Sì","Adults","Lott-Coop"
"532","8728569","Question_3","Sì","Adults","Lott-Comp"
"533","8728570","Question_1","No","Adults","Lott-Coop"
"534","8728570","Question_3","No","Adults","Lott-Comp"
"535","8728610","Question_1","Sì","Adults","Lott-Coop"
"536","8728610","Question_3","No","Adults","Lott-Comp"
"537","8728585","Question_1","Sì","Adults","Lott-Coop"
"538","8728585","Question_3","Sì","Adults","Lott-Comp"
"539","8728581","Question_1","No","Adults","Lott-Coop"
"540","8728581","Question_3","Sì","Adults","Lott-Comp"
"541","8728586","Question_1","No","Adults","Lott-Coop"
"542","8728586","Question_3","Sì","Adults","Lott-Comp"
"543","8722110","Question_1","Sì","Adults","Lott-Coop"
"544","8722110","Question_3","Sì","Adults","Lott-Comp"
"545","8722108","Question_1","Sì","Adults","Lott-Coop"
"546","8722108","Question_3","Non so","Adults","Lott-Comp"
"547","8722109","Question_1","No","Adults","Lott-Coop"
"548","8722109","Question_3","No","Adults","Lott-Comp"
"549","8716022","Question_1","Sì","Adults","Lott-Coop"
"550","8716022","Question_3","Sì","Adults","Lott-Comp"
"551","8716020","Question_1","No","Adults","Lott-Coop"
"552","8716020","Question_3","No","Adults","Lott-Comp"
"553","8624087","Question_1","Sì","Adults","Lott-Coop"
"554","8624087","Question_3","Sì","Adults","Lott-Comp"
"555","8624094","Question_1","Sì","Adults","Lott-Coop"
"556","8624094","Question_3","Non so","Adults","Lott-Comp"
"557","8624022","Question_1","Sì","Adults","Lott-Coop"
"558","8624022","Question_3","No","Adults","Lott-Comp"
"559","8624006","Question_1","Sì","Adults","Lott-Coop"
"560","8624006","Question_3","Sì","Adults","Lott-Comp"
"561","8624028","Question_1","Sì","Adults","Lott-Coop"
"562","8624028","Question_3","Sì","Adults","Lott-Comp"
"563","8624051","Question_1","No","Adults","Lott-Coop"
"564","8624051","Question_3","Sì","Adults","Lott-Comp"
"565","8624035","Question_1","Sì","Adults","Lott-Coop"
"566","8624035","Question_3","No","Adults","Lott-Comp"
"567","8624043","Question_1","Sì","Adults","Lott-Coop"
"568","8624043","Question_3","Sì","Adults","Lott-Comp"
"569","8624077","Question_1","Sì","Adults","Lott-Coop"
"570","8624077","Question_3","Sì","Adults","Lott-Comp"
"571","8624045","Question_1","Sì","Adults","Lott-Coop"
"572","8624045","Question_3","Non so","Adults","Lott-Comp"
"573","8624054","Question_1","Sì","Adults","Lott-Coop"
"574","8624054","Question_3","Sì","Adults","Lott-Comp"
"575","8624093","Question_1","Non so","Adults","Lott-Coop"
"576","8624093","Question_3","No","Adults","Lott-Comp"
"577","8624059","Question_1","No","Adults","Lott-Coop"
"578","8624059","Question_3","Sì","Adults","Lott-Comp"
"579","8624040","Question_1","Sì","Adults","Lott-Coop"
"580","8624040","Question_3","Sì","Adults","Lott-Comp"
"581","8624088","Question_1","Sì","Adults","Lott-Coop"
"582","8624088","Question_3","Sì","Adults","Lott-Comp"
"583","8624001","Question_1","Sì","Adults","Lott-Coop"
"584","8624001","Question_3","No","Adults","Lott-Comp"
"585","8624052","Question_1","Sì","Adults","Lott-Coop"
"586","8624052","Question_3","Non so","Adults","Lott-Comp"
"587","8624009","Question_1","Sì","Adults","Lott-Coop"
"588","8624009","Question_3","Sì","Adults","Lott-Comp"
"589","8624003","Question_1","Sì","Adults","Lott-Coop"
"590","8624003","Question_3","No","Adults","Lott-Comp"
"591","8624063","Question_1","Sì","Adults","Lott-Coop"
"592","8624063","Question_3","Sì","Adults","Lott-Comp"
"593","8624062","Question_1","Sì","Adults","Lott-Coop"
"594","8624062","Question_3","Sì","Adults","Lott-Comp"
"595","8624046","Question_1","Sì","Adults","Lott-Coop"
"596","8624046","Question_3","Sì","Adults","Lott-Comp"
"597","8624170","Question_1","Sì","Adults","Lott-Coop"
"598","8624170","Question_3","Non so","Adults","Lott-Comp"
"599","8624204","Question_1","Sì","Adults","Lott-Coop"
"600","8624204","Question_3","Non so","Adults","Lott-Comp"
"601","8624064","Question_1","Sì","Adults","Lott-Coop"
"602","8624064","Question_3","No","Adults","Lott-Comp"
"603","8624018","Question_1","Sì","Adults","Lott-Coop"
"604","8624018","Question_3","No","Adults","Lott-Comp"
"605","8624065","Question_1","No","Adults","Lott-Coop"
"606","8624065","Question_3","No","Adults","Lott-Comp"
"607","8624109","Question_1","Sì","Adults","Lott-Coop"
"608","8624109","Question_3","Non so","Adults","Lott-Comp"
"609","8624050","Question_1","Sì","Adults","Lott-Coop"
"610","8624050","Question_3","No","Adults","Lott-Comp"
"611","8624027","Question_1","Sì","Adults","Lott-Coop"
"612","8624027","Question_3","Non so","Adults","Lott-Comp"
"613","8624068","Question_1","Sì","Adults","Lott-Coop"
"614","8624068","Question_3","No","Adults","Lott-Comp"
"615","8624014","Question_1","No","Adults","Lott-Coop"
"616","8624014","Question_3","No","Adults","Lott-Comp"
"617","8623993","Question_1","Sì","Adults","Lott-Coop"
"618","8623993","Question_3","Sì","Adults","Lott-Comp"
"619","8624066","Question_1","No","Adults","Lott-Coop"
"620","8624066","Question_3","No","Adults","Lott-Comp"
"621","8624019","Question_1","Sì","Adults","Lott-Coop"
"622","8624019","Question_3","Sì","Adults","Lott-Comp"
"623","8624030","Question_1","Sì","Adults","Lott-Coop"
"624","8624030","Question_3","Sì","Adults","Lott-Comp"
"625","8624122","Question_1","Sì","Adults","Lott-Coop"
"626","8624122","Question_3","No","Adults","Lott-Comp"
"627","8624015","Question_1","Sì","Adults","Lott-Coop"
"628","8624015","Question_3","Sì","Adults","Lott-Comp"
"629","8624074","Question_1","Sì","Adults","Lott-Coop"
"630","8624074","Question_3","No","Adults","Lott-Comp"
"631","8623998","Question_1","Sì","Adults","Lott-Coop"
"632","8623998","Question_3","No","Adults","Lott-Comp"
"633","8624179","Question_1","Sì","Adults","Lott-Coop"
"634","8624179","Question_3","No","Adults","Lott-Comp"
"635","8624026","Question_1","Sì","Adults","Lott-Coop"
"636","8624026","Question_3","Sì","Adults","Lott-Comp"
"637","8623989","Question_1","Sì","Adults","Lott-Coop"
"638","8623989","Question_3","Sì","Adults","Lott-Comp"
"639","8623999","Question_1","Sì","Adults","Lott-Coop"
"640","8623999","Question_3","Sì","Adults","Lott-Comp"
"641","8623990","Question_1","Sì","Adults","Lott-Coop"
"642","8623990","Question_3","Sì","Adults","Lott-Comp"
"643","8624067","Question_1","Sì","Adults","Lott-Coop"
"644","8624067","Question_3","Sì","Adults","Lott-Comp"
"645","8624033","Question_1","No","Adults","Lott-Coop"
"646","8624033","Question_3","Sì","Adults","Lott-Comp"
"647","8624091","Question_1","No","Adults","Lott-Coop"
"648","8624091","Question_3","No","Adults","Lott-Comp"
"649","8624055","Question_1","Sì","Adults","Lott-Coop"
"650","8624055","Question_3","Sì","Adults","Lott-Comp"
"651","8624013","Question_1","No","Adults","Lott-Coop"
"652","8624013","Question_3","No","Adults","Lott-Comp"
"653","8623995","Question_1","Sì","Adults","Lott-Coop"
"654","8623995","Question_3","No","Adults","Lott-Comp"
"655","8624000","Question_1","Sì","Adults","Lott-Coop"
"656","8624000","Question_3","Sì","Adults","Lott-Comp"
"657","8624021","Question_1","Sì","Adults","Lott-Coop"
"658","8624021","Question_3","No","Adults","Lott-Comp"
"659","8624073","Question_1","Sì","Adults","Lott-Coop"
"660","8624073","Question_3","No","Adults","Lott-Comp"
"661","8624017","Question_1","Sì","Adults","Lott-Coop"
"662","8624017","Question_3","Sì","Adults","Lott-Comp"
"663","8624023","Question_1","No","Adults","Lott-Coop"
"664","8624023","Question_3","Sì","Adults","Lott-Comp"
"665","8624058","Question_1","No","Adults","Lott-Coop"
"666","8624058","Question_3","No","Adults","Lott-Comp"
"667","8623997","Question_1","Sì","Adults","Lott-Coop"
"668","8623997","Question_3","No","Adults","Lott-Comp"
"669","8624020","Question_1","Non so","Adults","Lott-Coop"
"670","8624020","Question_3","Non so","Adults","Lott-Comp"
"671","8624004","Question_1","No","Adults","Lott-Coop"
"672","8624004","Question_3","Sì","Adults","Lott-Comp"
"673","8624057","Question_1","No","Adults","Lott-Coop"
"674","8624057","Question_3","No","Adults","Lott-Comp"
"675","8624113","Question_1","Sì","Adults","Lott-Coop"
"676","8624113","Question_3","Sì","Adults","Lott-Comp"
"677","8624010","Question_1","Sì","Adults","Lott-Coop"
"678","8624010","Question_3","No","Adults","Lott-Comp"
"679","8624044","Question_1","Sì","Adults","Lott-Coop"
"680","8624044","Question_3","No","Adults","Lott-Comp"
"681","8624070","Question_1","Sì","Adults","Lott-Coop"
"682","8624070","Question_3","Sì","Adults","Lott-Comp"
"683","8624078","Question_1","Non so","Adults","Lott-Coop"
"684","8624078","Question_3","Sì","Adults","Lott-Comp"
"685","8624005","Question_1","Sì","Adults","Lott-Coop"
"686","8624005","Question_3","No","Adults","Lott-Comp"
"687","8624053","Question_1","Sì","Adults","Lott-Coop"
"688","8624053","Question_3","Sì","Adults","Lott-Comp"
"689","8623996","Question_1","Sì","Adults","Lott-Coop"
"690","8623996","Question_3","No","Adults","Lott-Comp"
"691","8624042","Question_1","Sì","Adults","Lott-Coop"
"692","8624042","Question_3","Non so","Adults","Lott-Comp"
"693","8623992","Question_1","Sì","Adults","Lott-Coop"
"694","8623992","Question_3","Sì","Adults","Lott-Comp"
"695","8624008","Question_1","Sì","Adults","Lott-Coop"
"696","8624008","Question_3","Non so","Adults","Lott-Comp"
"697","8624032","Question_1","Sì","Adults","Lott-Coop"
"698","8624032","Question_3","No","Adults","Lott-Comp"
"699","8624069","Question_1","Sì","Adults","Lott-Coop"
"700","8624069","Question_3","Sì","Adults","Lott-Comp"
"701","8624011","Question_1","Sì","Adults","Lott-Coop"
"702","8624011","Question_3","No","Adults","Lott-Comp"
"703","8624039","Question_1","No","Adults","Lott-Coop"
"704","8624039","Question_3","Sì","Adults","Lott-Comp"
"705","8624012","Question_1","No","Adults","Lott-Coop"
"706","8624012","Question_3","No","Adults","Lott-Comp"
"707","8624034","Question_1","No","Adults","Lott-Coop"
"708","8624034","Question_3","No","Adults","Lott-Comp"
"709","8624072","Question_1","No","Adults","Lott-Coop"
"710","8624072","Question_3","No","Adults","Lott-Comp"
"711","8624002","Question_1","No","Adults","Lott-Coop"
"712","8624002","Question_3","Sì","Adults","Lott-Comp"
"713","8624024","Question_1","No","Adults","Lott-Coop"
"714","8624024","Question_3","No","Adults","Lott-Comp"
"715","8624048","Question_1","No","Adults","Lott-Coop"
"716","8624048","Question_3","No","Adults","Lott-Comp"
"717","8624144","Question_1","Sì","Adults","Lott-Coop"
"718","8624144","Question_3","Non so","Adults","Lott-Comp"
"719","8624029","Question_1","No","Adults","Lott-Coop"
"720","8624029","Question_3","No","Adults","Lott-Comp"
"721","8624092","Question_1","Non so","Adults","Lott-Coop"
"722","8624092","Question_3","Sì","Adults","Lott-Comp"
"723","8624031","Question_1","Sì","Adults","Lott-Coop"
"724","8624031","Question_3","No","Adults","Lott-Comp"
"725","8624117","Question_1","No","Adults","Lott-Coop"
"726","8624117","Question_3","No","Adults","Lott-Comp"
"727","8624007","Question_1","No","Adults","Lott-Coop"
"728","8624007","Question_3","No","Adults","Lott-Comp"
"729","8624037","Question_1","Sì","Adults","Lott-Coop"
"730","8624037","Question_3","Sì","Adults","Lott-Comp"
"731","8624173","Question_1","No","Adults","Lott-Coop"
"732","8624173","Question_3","No","Adults","Lott-Comp"
"733","8623991","Question_1","Sì","Adults","Lott-Coop"
"734","8623991","Question_3","No","Adults","Lott-Comp"
"735","8624016","Question_1","No","Adults","Lott-Coop"
"736","8624016","Question_3","No","Adults","Lott-Comp"
"737","8624156","Question_1","Sì","Adults","Lott-Coop"
"738","8624156","Question_3","Sì","Adults","Lott-Comp"
"739","8624025","Question_1","Sì","Adults","Lott-Coop"
"740","8624025","Question_3","Sì","Adults","Lott-Comp"
"741","8624041","Question_1","Sì","Adults","Lott-Coop"
"742","8624041","Question_3","No","Adults","Lott-Comp"
"743","8624097","Question_1","No","Adults","Lott-Coop"
"744","8624097","Question_3","No","Adults","Lott-Comp"
"745","8624056","Question_1","No","Adults","Lott-Coop"
"746","8624056","Question_3","Sì","Adults","Lott-Comp"
"747","8624142","Question_1","No","Adults","Lott-Coop"
"748","8624142","Question_3","No","Adults","Lott-Comp"
"749","8616932","Question_1","Non so","Adults","Lott-Coop"
"750","8616932","Question_3","Non so","Adults","Lott-Comp"
"751","8756704","Question_1","Sì","Adults","Lott-Coop"
"752","8756704","Question_3","Sì","Adults","Lott-Comp"
"753","8756708","Question_1","Sì","Adults","Lott-Coop"
"754","8756708","Question_3","Sì","Adults","Lott-Comp"
"755","8756676","Question_1","Sì","Adults","Lott-Coop"
"756","8756676","Question_3","No","Adults","Lott-Comp"
"757","9818103","Question_1","Sì","Adults","Lott-Coop"
"758","9818103","Question_3","Sì","Adults","Lott-Comp"
"759","9818104","Question_1","Sì","Adults","Lott-Coop"
"760","9818104","Question_3","No","Adults","Lott-Comp"
"761","9818105","Question_1","Sì","Adults","Lott-Coop"
"762","9818105","Question_3","No","Adults","Lott-Comp"
"763","9818106","Question_1","Sì","Adults","Lott-Coop"
"764","9818106","Question_3","Sì","Adults","Lott-Comp"
"765","9818107","Question_1","No","Adults","Lott-Coop"
"766","9818107","Question_3","Sì","Adults","Lott-Comp"
"767","9818108","Question_1","Sì","Adults","Lott-Coop"
"768","9818108","Question_3","Non so","Adults","Lott-Comp"
"769","9818109","Question_1","Sì","Adults","Lott-Coop"
"770","9818109","Question_3","Sì","Adults","Lott-Comp"
"771","9818110","Question_1","No","Adults","Lott-Coop"
"772","9818110","Question_3","Sì","Adults","Lott-Comp"
"773","9818111","Question_1","No","Adults","Lott-Coop"
"774","9818111","Question_3","Sì","Adults","Lott-Comp"
"775","9818113","Question_1","Sì","Adults","Lott-Coop"
"776","9818113","Question_3","Sì","Adults","Lott-Comp"
"777","9818114","Question_1","Sì","Adults","Lott-Coop"
"778","9818114","Question_3","Sì","Adults","Lott-Comp"
"779","9818115","Question_1","Sì","Adults","Lott-Coop"
"780","9818115","Question_3","Sì","Adults","Lott-Comp"
"781","9818116","Question_1","No","Adults","Lott-Coop"
"782","9818116","Question_3","Sì","Adults","Lott-Comp"
"783","9818117","Question_1","Sì","Adults","Lott-Coop"
"784","9818117","Question_3","Non so","Adults","Lott-Comp"
"785","9818119","Question_1","Sì","Adults","Lott-Coop"
"786","9818119","Question_3","No","Adults","Lott-Comp"
"787","9818120","Question_1","No","Adults","Lott-Coop"
"788","9818120","Question_3","No","Adults","Lott-Comp"
"789","9818121","Question_1","Sì","Adults","Lott-Coop"
"790","9818121","Question_3","Sì","Adults","Lott-Comp"
"791","9818122","Question_1","Sì","Adults","Lott-Coop"
"792","9818122","Question_3","Sì","Adults","Lott-Comp"
"793","9818123","Question_1","No","Adults","Lott-Coop"
"794","9818123","Question_3","No","Adults","Lott-Comp"
"795","9818124","Question_1","No","Adults","Lott-Coop"
"796","9818124","Question_3","No","Adults","Lott-Comp"
"797","9818127","Question_1","Sì","Adults","Lott-Coop"
"798","9818127","Question_3","No","Adults","Lott-Comp"
"799","9818136","Question_1","Sì","Adults","Lott-Coop"
"800","9818136","Question_3","No","Adults","Lott-Comp"
"801","9818152","Question_1","Sì","Adults","Lott-Coop"
"802","9818152","Question_3","No","Adults","Lott-Comp"
"803","9818143","Question_1","Sì","Adults","Lott-Coop"
"804","9818143","Question_3","Sì","Adults","Lott-Comp"
"805","9818140","Question_1","No","Adults","Lott-Coop"
"806","9818140","Question_3","Sì","Adults","Lott-Comp"
"807","9818138","Question_1","Sì","Adults","Lott-Coop"
"808","9818138","Question_3","Sì","Adults","Lott-Comp"
"809","9818147","Question_1","Sì","Adults","Lott-Coop"
"810","9818147","Question_3","No","Adults","Lott-Comp"
"811","9818137","Question_1","No","Adults","Lott-Coop"
"812","9818137","Question_3","No","Adults","Lott-Comp"
"813","9818168","Question_1","Sì","Adults","Lott-Coop"
"814","9818168","Question_3","Sì","Adults","Lott-Comp"
"815","9818144","Question_1","No","Adults","Lott-Coop"
"816","9818144","Question_3","Sì","Adults","Lott-Comp"
"817","9818130","Question_1","Sì","Adults","Lott-Coop"
"818","9818130","Question_3","Sì","Adults","Lott-Comp"
"819","9818131","Question_1","Sì","Adults","Lott-Coop"
"820","9818131","Question_3","Sì","Adults","Lott-Comp"
"821","9818151","Question_1","Sì","Adults","Lott-Coop"
"822","9818151","Question_3","Sì","Adults","Lott-Comp"
"823","9818141","Question_1","Sì","Adults","Lott-Coop"
"824","9818141","Question_3","Sì","Adults","Lott-Comp"
"825","9818163","Question_1","No","Adults","Lott-Coop"
"826","9818163","Question_3","No","Adults","Lott-Comp"
"827","9818169","Question_1","Sì","Adults","Lott-Coop"
"828","9818169","Question_3","Sì","Adults","Lott-Comp"
"829","9818133","Question_1","No","Adults","Lott-Coop"
"830","9818133","Question_3","No","Adults","Lott-Comp"
"831","9818129","Question_1","Non so","Adults","Lott-Coop"
"832","9818129","Question_3","No","Adults","Lott-Comp"
"833","9818157","Question_1","Sì","Adults","Lott-Coop"
"834","9818157","Question_3","Non so","Adults","Lott-Comp"
"835","9818139","Question_1","No","Adults","Lott-Coop"
"836","9818139","Question_3","No","Adults","Lott-Comp"
"837","9818149","Question_1","No","Adults","Lott-Coop"
"838","9818149","Question_3","Non so","Adults","Lott-Comp"
"839","9818148","Question_1","Sì","Adults","Lott-Coop"
"840","9818148","Question_3","No","Adults","Lott-Comp"
"841","9818126","Question_1","Sì","Adults","Lott-Coop"
"842","9818126","Question_3","No","Adults","Lott-Comp"
"843","9818167","Question_1","No","Adults","Lott-Coop"
"844","9818167","Question_3","No","Adults","Lott-Comp"
"845","9818132","Question_1","No","Adults","Lott-Coop"
"846","9818132","Question_3","No","Adults","Lott-Comp"
"847","9818142","Question_1","No","Adults","Lott-Coop"
"848","9818142","Question_3","No","Adults","Lott-Comp"
"849","9818165","Question_1","Sì","Adults","Lott-Coop"
"850","9818165","Question_3","Sì","Adults","Lott-Comp"
"851","9818146","Question_1","Sì","Adults","Lott-Coop"
"852","9818146","Question_3","Sì","Adults","Lott-Comp"
"853","9818155","Question_1","No","Adults","Lott-Coop"
"854","9818155","Question_3","Sì","Adults","Lott-Comp"
"855","9818128","Question_1","Sì","Adults","Lott-Coop"
"856","9818128","Question_3","Sì","Adults","Lott-Comp"
"857","9818150","Question_1","Sì","Adults","Lott-Coop"
"858","9818150","Question_3","Sì","Adults","Lott-Comp"
"859","9818160","Question_1","No","Adults","Lott-Coop"
"860","9818160","Question_3","Non so","Adults","Lott-Comp"
"861","9818172","Question_1","Sì","Adults","Lott-Coop"
"862","9818172","Question_3","Sì","Adults","Lott-Comp"
"863","9818134","Question_1","Sì","Adults","Lott-Coop"
"864","9818134","Question_3","Sì","Adults","Lott-Comp"
"865","9818125","Question_1","Sì","Adults","Lott-Coop"
"866","9818125","Question_3","Sì","Adults","Lott-Comp"
"867","9818145","Question_1","Sì","Adults","Lott-Coop"
"868","9818145","Question_3","Sì","Adults","Lott-Comp"
"869","9818135","Question_1","No","Adults","Lott-Coop"
"870","9818135","Question_3","No","Adults","Lott-Comp"
"871","9818166","Question_1","Sì","Adults","Lott-Coop"
"872","9818166","Question_3","No","Adults","Lott-Comp"
"873","9818162","Question_1","No","Adults","Lott-Coop"
"874","9818162","Question_3","No","Adults","Lott-Comp"
"875","9818153","Question_1","Sì","Adults","Lott-Coop"
"876","9818153","Question_3","Sì","Adults","Lott-Comp"
"877","9818161","Question_1","Sì","Adults","Lott-Coop"
"878","9818161","Question_3","Sì","Adults","Lott-Comp"
"879","9818164","Question_1","Sì","Adults","Lott-Coop"
"880","9818164","Question_3","Sì","Adults","Lott-Comp"
"881","9818158","Question_1","Sì","Adults","Lott-Coop"
"882","9818158","Question_3","Sì","Adults","Lott-Comp"
"883","9818178","Question_1","Sì","Adults","Lott-Coop"
"884","9818178","Question_3","Sì","Adults","Lott-Comp"
"885","9818183","Question_1","Sì","Adults","Lott-Coop"
"886","9818183","Question_3","Non so","Adults","Lott-Comp"
"887","9818182","Question_1","Sì","Adults","Lott-Coop"
"888","9818182","Question_3","No","Adults","Lott-Comp"
"889","9818252","Question_1","Sì","Adults","Lott-Coop"
"890","9818252","Question_3","No","Adults","Lott-Comp"
"891","9818180","Question_1","Sì","Adults","Lott-Coop"
"892","9818180","Question_3","No","Adults","Lott-Comp"
"893","9818177","Question_1","No","Adults","Lott-Coop"
"894","9818177","Question_3","No","Adults","Lott-Comp"
"895","9818176","Question_1","No","Adults","Lott-Coop"
"896","9818176","Question_3","No","Adults","Lott-Comp"
"897","9818170","Question_1","Sì","Adults","Lott-Coop"
"898","9818170","Question_3","Sì","Adults","Lott-Comp"
"899","9818189","Question_1","Sì","Adults","Lott-Coop"
"900","9818189","Question_3","No","Adults","Lott-Comp"
"901","9818193","Question_1","Sì","Adults","Lott-Coop"
"902","9818193","Question_3","Sì","Adults","Lott-Comp"
"903","9818171","Question_1","Sì","Adults","Lott-Coop"
"904","9818171","Question_3","Sì","Adults","Lott-Comp"
"905","9818179","Question_1","Sì","Adults","Lott-Coop"
"906","9818179","Question_3","Sì","Adults","Lott-Comp"
"907","9818216","Question_1","Non so","Adults","Lott-Coop"
"908","9818216","Question_3","Non so","Adults","Lott-Comp"
"909","9818174","Question_1","No","Adults","Lott-Coop"
"910","9818174","Question_3","No","Adults","Lott-Comp"
"911","9818256","Question_1","Sì","Adults","Lott-Coop"
"912","9818256","Question_3","No","Adults","Lott-Comp"
"913","9818175","Question_1","Sì","Adults","Lott-Coop"
"914","9818175","Question_3","Non so","Adults","Lott-Comp"
"915","9818173","Question_1","Sì","Adults","Lott-Coop"
"916","9818173","Question_3","Sì","Adults","Lott-Comp"
"917","9818200","Question_1","No","Adults","Lott-Coop"
"918","9818200","Question_3","No","Adults","Lott-Comp"
"919","9818181","Question_1","Sì","Adults","Lott-Coop"
"920","9818181","Question_3","No","Adults","Lott-Comp"
"921","9859277","Question_1","Sì","Adults","Lott-Coop"
"922","9859277","Question_3","No","Adults","Lott-Comp"
"923","9859694","Question_1","Sì","Adults","Lott-Coop"
"924","9859694","Question_3","Sì","Adults","Lott-Comp"
"925","9859696","Question_1","Sì","Adults","Lott-Coop"
"926","9859696","Question_3","No","Adults","Lott-Comp"
"927","9859697","Question_1","Sì","Adults","Lott-Coop"
"928","9859697","Question_3","Sì","Adults","Lott-Comp"
"929","9859698","Question_1","Sì","Adults","Lott-Coop"
"930","9859698","Question_3","Sì","Adults","Lott-Comp"
"931","9859699","Question_1","Non so","Adults","Lott-Coop"
"932","9859699","Question_3","No","Adults","Lott-Comp"
"933","9859700","Question_1","No","Adults","Lott-Coop"
"934","9859700","Question_3","No","Adults","Lott-Comp"
"935","9859701","Question_1","Sì","Adults","Lott-Coop"
"936","9859701","Question_3","Sì","Adults","Lott-Comp"
"937","9859703","Question_1","Sì","Adults","Lott-Coop"
"938","9859703","Question_3","No","Adults","Lott-Comp"
"939","9859704","Question_1","Non so","Adults","Lott-Coop"
"940","9859704","Question_3","Non so","Adults","Lott-Comp"
"941","9859705","Question_1","Sì","Adults","Lott-Coop"
"942","9859705","Question_3","Sì","Adults","Lott-Comp"
"943","9859706","Question_1","Sì","Adults","Lott-Coop"
"944","9859706","Question_3","Sì","Adults","Lott-Comp"
"945","9859707","Question_1","No","Adults","Lott-Coop"
"946","9859707","Question_3","No","Adults","Lott-Comp"
"947","9859708","Question_1","Sì","Adults","Lott-Coop"
"948","9859708","Question_3","No","Adults","Lott-Comp"
"949","9859709","Question_1","Sì","Adults","Lott-Coop"
"950","9859709","Question_3","Sì","Adults","Lott-Comp"
"951","9859710","Question_1","Sì","Adults","Lott-Coop"
"952","9859710","Question_3","Sì","Adults","Lott-Comp"
"953","9859711","Question_1","Sì","Adults","Lott-Coop"
"954","9859711","Question_3","Sì","Adults","Lott-Comp"
"955","9859712","Question_1","Sì","Adults","Lott-Coop"
"956","9859712","Question_3","Sì","Adults","Lott-Comp"
"957","9859713","Question_1","No","Adults","Lott-Coop"
"958","9859713","Question_3","Sì","Adults","Lott-Comp"
"959","9859716","Question_1","Sì","Adults","Lott-Coop"
"960","9859716","Question_3","No","Adults","Lott-Comp"
"961","9859722","Question_1","No","Adults","Lott-Coop"
"962","9859722","Question_3","No","Adults","Lott-Comp"
"963","9864889","Question_1","Sì","Adults","Lott-Coop"
"964","9864889","Question_3","Sì","Adults","Lott-Comp"
"965","9864881","Question_1","No","Adults","Lott-Coop"
"966","9864881","Question_3","Sì","Adults","Lott-Comp"
"967","9864890","Question_1","Sì","Adults","Lott-Coop"
"968","9864890","Question_3","Sì","Adults","Lott-Comp"
"969","9865052","Question_1","No","Adults","Lott-Coop"
"970","9865052","Question_3","No","Adults","Lott-Comp"
"971","10933689","Question_1","Sì","Children","Lott-Coop"
"972","10933689","Question_3","Sì","Children","Lott-Comp"
"973","10933690","Question_1","No","Children","Lott-Coop"
"974","10933690","Question_3","No","Children","Lott-Comp"
"975","10933691","Question_1","No","Children","Lott-Coop"
"976","10933691","Question_3","No","Children","Lott-Comp"
"977","10933692","Question_1","No","Children","Lott-Coop"
"978","10933692","Question_3","No","Children","Lott-Comp"
"979","10933693","Question_1","Sì","Children","Lott-Coop"
"980","10933693","Question_3","Sì","Children","Lott-Comp"
"981","10933694","Question_1","Sì","Children","Lott-Coop"
"982","10933694","Question_3","No","Children","Lott-Comp"
"983","10933695","Question_1","Sì","Children","Lott-Coop"
"984","10933695","Question_3","Sì","Children","Lott-Comp"
"985","10933697","Question_1","No","Children","Lott-Coop"
"986","10933697","Question_3","No","Children","Lott-Comp"
"987","10933705","Question_1","Sì","Children","Lott-Coop"
"988","10933705","Question_3","Sì","Children","Lott-Comp"
"989","10933700","Question_1","No","Children","Lott-Coop"
"990","10933700","Question_3","No","Children","Lott-Comp"
"991","10933703","Question_1","No","Children","Lott-Coop"
"992","10933703","Question_3","No","Children","Lott-Comp"
"993","10933696","Question_1","No","Children","Lott-Coop"
"994","10933696","Question_3","No","Children","Lott-Comp"
"995","10933698","Question_1","Sì","Children","Lott-Coop"
"996","10933698","Question_3","Sì","Children","Lott-Comp"
"997","10933702","Question_1","No","Children","Lott-Coop"
"998","10933702","Question_3","No","Children","Lott-Comp"
"999","10933699","Question_1","No","Children","Lott-Coop"
"1000","10933699","Question_3","No","Children","Lott-Comp"
"1001","10933701","Question_1","Sì","Children","Lott-Coop"
"1002","10933701","Question_3","No","Children","Lott-Comp"
"1003","10933704","Question_1","Sì","Children","Lott-Coop"
"1004","10933704","Question_3","Sì","Children","Lott-Comp"
"1005","10933877","Question_1","No","Children","Lott-Coop"
"1006","10933877","Question_3","Non so","Children","Lott-Comp"
"1007","10933876","Question_1","Sì","Children","Lott-Coop"
"1008","10933876","Question_3","Sì","Children","Lott-Comp"
"1009","10933879","Question_1","Sì","Children","Lott-Coop"
"1010","10933879","Question_3","Sì","Children","Lott-Comp"
"1011","10933878","Question_1","Non so","Children","Lott-Coop"
"1012","10933878","Question_3","Sì","Children","Lott-Comp"
"1013","10933880","Question_1","Sì","Children","Lott-Coop"
"1014","10933880","Question_3","Sì","Children","Lott-Comp"
"1015","10933888","Question_1","Sì","Children","Lott-Coop"
"1016","10933888","Question_3","No","Children","Lott-Comp"
"1017","10933889","Question_1","No","Children","Lott-Coop"
"1018","10933889","Question_3","No","Children","Lott-Comp"
"1019","10933896","Question_1","No","Children","Lott-Coop"
"1020","10933896","Question_3","No","Children","Lott-Comp"
"1021","10933894","Question_1","Sì","Children","Lott-Coop"
"1022","10933894","Question_3","No","Children","Lott-Comp"
"1023","10933882","Question_1","Non so","Children","Lott-Coop"
"1024","10933882","Question_3","Non so","Children","Lott-Comp"
"1025","10933885","Question_1","Sì","Children","Lott-Coop"
"1026","10933885","Question_3","No","Children","Lott-Comp"
"1027","10933897","Question_1","No","Children","Lott-Coop"
"1028","10933897","Question_3","Sì","Children","Lott-Comp"
"1029","10933890","Question_1","No","Children","Lott-Coop"
"1030","10933890","Question_3","No","Children","Lott-Comp"
"1031","10933881","Question_1","Sì","Children","Lott-Coop"
"1032","10933881","Question_3","Non so","Children","Lott-Comp"
"1033","10933892","Question_1","Non so","Children","Lott-Coop"
"1034","10933892","Question_3","Non so","Children","Lott-Comp"
"1035","10933886","Question_1","Sì","Children","Lott-Coop"
"1036","10933886","Question_3","Non so","Children","Lott-Comp"
"1037","10933887","Question_1","Sì","Children","Lott-Coop"
"1038","10933887","Question_3","No","Children","Lott-Comp"
"1039","10933895","Question_1","No","Children","Lott-Coop"
"1040","10933895","Question_3","No","Children","Lott-Comp"
"1041","10933893","Question_1","No","Children","Lott-Coop"
"1042","10933893","Question_3","No","Children","Lott-Comp"
"1043","10933884","Question_1","No","Children","Lott-Coop"
"1044","10933884","Question_3","No","Children","Lott-Comp"
"1045","10934058","Question_1","No","Children","Lott-Coop"
"1046","10934058","Question_3","No","Children","Lott-Comp"
"1047","10934059","Question_1","Sì","Children","Lott-Coop"
"1048","10934059","Question_3","Sì","Children","Lott-Comp"
"1049","10934054","Question_1","No","Children","Lott-Coop"
"1050","10934054","Question_3","No","Children","Lott-Comp"
"1051","10934062","Question_1","Sì","Children","Lott-Coop"
"1052","10934062","Question_3","No","Children","Lott-Comp"
"1053","10934057","Question_1","Sì","Children","Lott-Coop"
"1054","10934057","Question_3","No","Children","Lott-Comp"
"1055","10934061","Question_1","Sì","Children","Lott-Coop"
"1056","10934061","Question_3","Sì","Children","Lott-Comp"
"1057","10934064","Question_1","No","Children","Lott-Coop"
"1058","10934064","Question_3","No","Children","Lott-Comp"
"1059","10934055","Question_1","No","Children","Lott-Coop"
"1060","10934055","Question_3","No","Children","Lott-Comp"
"1061","10934068","Question_1","No","Children","Lott-Coop"
"1062","10934068","Question_3","No","Children","Lott-Comp"
"1063","10934060","Question_1","No","Children","Lott-Coop"
"1064","10934060","Question_3","No","Children","Lott-Comp"
"1065","10934067","Question_1","Sì","Children","Lott-Coop"
"1066","10934067","Question_3","No","Children","Lott-Comp"
"1067","10934056","Question_1","Sì","Children","Lott-Coop"
"1068","10934056","Question_3","Sì","Children","Lott-Comp"
"1069","10934066","Question_1","No","Children","Lott-Coop"
"1070","10934066","Question_3","No","Children","Lott-Comp"
"1071","10934063","Question_1","No","Children","Lott-Coop"
"1072","10934063","Question_3","No","Children","Lott-Comp"
"1073","10934065","Question_1","No","Children","Lott-Coop"
"1074","10934065","Question_3","No","Children","Lott-Comp"
"1075","10934069","Question_1","No","Children","Lott-Coop"
"1076","10934069","Question_3","No","Children","Lott-Comp"
"1077","10934074","Question_1","No","Children","Lott-Coop"
"1078","10934074","Question_3","No","Children","Lott-Comp"
"1079","10934071","Question_1","No","Children","Lott-Coop"
"1080","10934071","Question_3","No","Children","Lott-Comp"
"1081","10934070","Question_1","No","Children","Lott-Coop"
"1082","10934070","Question_3","No","Children","Lott-Comp"
"1083","10934360","Question_1","Sì","Children","Lott-Coop"
"1084","10934360","Question_3","No","Children","Lott-Comp"
"1085","10934361","Question_1","Non so","Children","Lott-Coop"
"1086","10934361","Question_3","Non so","Children","Lott-Comp"
"1087","10934358","Question_1","Non so","Children","Lott-Coop"
"1088","10934358","Question_3","Sì","Children","Lott-Comp"
"1089","10934372","Question_1","Sì","Children","Lott-Coop"
"1090","10934372","Question_3","No","Children","Lott-Comp"
"1091","10934368","Question_1","Sì","Children","Lott-Coop"
"1092","10934368","Question_3","No","Children","Lott-Comp"
"1093","10934374","Question_1","No","Children","Lott-Coop"
"1094","10934374","Question_3","Sì","Children","Lott-Comp"
"1095","10934355","Question_1","Sì","Children","Lott-Coop"
"1096","10934355","Question_3","No","Children","Lott-Comp"
"1097","10934362","Question_1","No","Adults","Lott-Coop"
"1098","10934362","Question_3","No","Adults","Lott-Comp"
"1099","10934366","Question_1","No","Children","Lott-Coop"
"1100","10934366","Question_3","No","Children","Lott-Comp"
"1101","10934367","Question_1","Sì","Children","Lott-Coop"
"1102","10934367","Question_3","Sì","Children","Lott-Comp"
"1103","10934373","Question_1","Sì","Children","Lott-Coop"
"1104","10934373","Question_3","Sì","Children","Lott-Comp"
"1105","10934369","Question_1","No","Children","Lott-Coop"
"1106","10934369","Question_3","No","Children","Lott-Comp"
"1107","10934375","Question_1","No","Children","Lott-Coop"
"1108","10934375","Question_3","No","Children","Lott-Comp"
"1109","10934364","Question_1","No","Children","Lott-Coop"
"1110","10934364","Question_3","Sì","Children","Lott-Comp"
"1111","10934370","Question_1","No","Children","Lott-Coop"
"1112","10934370","Question_3","No","Children","Lott-Comp"
"1113","10934363","Question_1","No","Children","Lott-Coop"
"1114","10934363","Question_3","Non so","Children","Lott-Comp"
"1115","10934357","Question_1","Sì","Children","Lott-Coop"
"1116","10934357","Question_3","No","Children","Lott-Comp"
"1117","10934365","Question_1","Sì","Children","Lott-Coop"
"1118","10934365","Question_3","Sì","Children","Lott-Comp"
"1119","10934356","Question_1","Sì","Children","Lott-Coop"
"1120","10934356","Question_3","Sì","Children","Lott-Comp"
"1121","10934371","Question_1","Sì","Children","Lott-Coop"
"1122","10934371","Question_3","No","Children","Lott-Comp"
"1123","10934359","Question_1","Sì","Children","Lott-Coop"
"1124","10934359","Question_3","Sì","Children","Lott-Comp"
"1125","10936561","Question_1","No","Children","Lott-Coop"
"1126","10936561","Question_3","No","Children","Lott-Comp"
"1127","10936479","Question_1","No","Children","Lott-Coop"
"1128","10936479","Question_3","No","Children","Lott-Comp"
"1129","10936489","Question_1","No","Children","Lott-Coop"
"1130","10936489","Question_3","No","Children","Lott-Comp"
"1131","10936484","Question_1","Non so","Children","Lott-Coop"
"1132","10936484","Question_3","Non so","Children","Lott-Comp"
"1133","10936551","Question_1","Sì","Children","Lott-Coop"
"1134","10936551","Question_3","No","Children","Lott-Comp"
"1135","10936557","Question_1","No","Children","Lott-Coop"
"1136","10936557","Question_3","No","Children","Lott-Comp"
"1137","10936558","Question_1","No","Children","Lott-Coop"
"1138","10936558","Question_3","No","Children","Lott-Comp"
"1139","10936555","Question_1","No","Children","Lott-Coop"
"1140","10936555","Question_3","No","Children","Lott-Comp"
"1141","10936554","Question_1","No","Children","Lott-Coop"
"1142","10936554","Question_3","Sì","Children","Lott-Comp"
"1143","10936564","Question_1","Sì","Children","Lott-Coop"
"1144","10936564","Question_3","Sì","Children","Lott-Comp"
"1145","10936559","Question_1","No","Children","Lott-Coop"
"1146","10936559","Question_3","No","Children","Lott-Comp"
"1147","10936580","Question_1","No","Children","Lott-Coop"
"1148","10936580","Question_3","No","Children","Lott-Comp"
"1149","10936497","Question_1","Sì","Children","Lott-Coop"
"1150","10936497","Question_3","Sì","Children","Lott-Comp"
"1151","10936553","Question_1","No","Children","Lott-Coop"
"1152","10936553","Question_3","No","Children","Lott-Comp"
"1153","10936562","Question_1","No","Children","Lott-Coop"
"1154","10936562","Question_3","No","Children","Lott-Comp"
"1155","10936556","Question_1","No","Children","Lott-Coop"
"1156","10936556","Question_3","No","Children","Lott-Comp"
"1157","10936560","Question_1","No","Adults","Lott-Coop"
"1158","10936560","Question_3","No","Adults","Lott-Comp"
"1159","10936563","Question_1","No","Children","Lott-Coop"
"1160","10936563","Question_3","No","Children","Lott-Comp"
"1161","10937304","Question_1","No","Children","Lott-Coop"
"1162","10937304","Question_3","No","Children","Lott-Comp"
"1163","10937299","Question_1","Sì","Children","Lott-Coop"
"1164","10937299","Question_3","Sì","Children","Lott-Comp"
"1165","10937300","Question_1","Non so","Children","Lott-Coop"
"1166","10937300","Question_3","Non so","Children","Lott-Comp"
"1167","10937308","Question_1","No","Children","Lott-Coop"
"1168","10937308","Question_3","No","Children","Lott-Comp"
"1169","10937306","Question_1","Non so","Children","Lott-Coop"
"1170","10937306","Question_3","Non so","Children","Lott-Comp"
"1171","10937309","Question_1","No","Children","Lott-Coop"
"1172","10937309","Question_3","No","Children","Lott-Comp"
"1173","10937301","Question_1","No","Children","Lott-Coop"
"1174","10937301","Question_3","No","Children","Lott-Comp"
"1175","10937305","Question_1","No","Children","Lott-Coop"
"1176","10937305","Question_3","No","Children","Lott-Comp"
"1177","10937297","Question_1","Sì","Children","Lott-Coop"
"1178","10937297","Question_3","Sì","Children","Lott-Comp"
"1179","10937302","Question_1","Non so","Children","Lott-Coop"
"1180","10937302","Question_3","Sì","Children","Lott-Comp"
"1181","10937303","Question_1","No","Children","Lott-Coop"
"1182","10937303","Question_3","Sì","Children","Lott-Comp"
"1183","10937298","Question_1","No","Children","Lott-Coop"
"1184","10937298","Question_3","Sì","Children","Lott-Comp"
"1185","10937247","Question_1","No","Children","Lott-Coop"
"1186","10937247","Question_3","No","Children","Lott-Comp"
